location_id,city,capacity
1,Viterbo,1
2,Roma,4
3,Frosinone,1
4,Rieti,2
5,Roma,1
6,Roma,4
7,Roma,4
8,Roma,5
9,Roma,3
10,Roma,3
11,Rieti,4
12,Rieti,5
13,Roma,2
14,Viterbo,1
15,Roma,2
16,Latina,4
17,Roma,3
18,Roma,4
19,Roma,2
20,Frosinone,4
21,Roma,5
22,Roma,3
23,Roma,1
24,Rieti,3
25,Rieti,1
26,Roma,4
27,Latina,3
28,Latina,1
29,Roma,2
30,Roma,5
31,Roma,5
32,Roma,4
33,Roma,4
34,Roma,1
35,Roma,2
36,Frosinone,2
37,Roma,1
38,Roma,1
39,Roma,2
40,Roma,2
41,Roma,5
42,Roma,1
43,Latina,2
44,Roma,5
45,Roma,3
46,Roma,2
47,Roma,3
48,Rieti,1
49,Roma,4
50,Viterbo,1
