provider_id,specialty,city,joined_date,active_flag,location_id
1,Psicologia,Roma,2024-07-07,1,46
2,Endocrinologia,Roma,2023-12-18,1,23
3,Pediatria,Roma,2025-10-28,1,3
4,Dermatologia,Roma,2024-06-01,1,41
5,Dermatologia,Rieti,2023-03-15,1,32
6,Cardiologia,Roma,2024-06-07,1,8
7,Psicologia,Roma,2025-08-01,1,10
8,Gastroenterologia,Latina,2023-07-15,1,43
9,Gastroenterologia,Roma,2024-06-08,1,6
10,Oculistica,Latina,2023-01-11,1,15
11,Medicina Generale,Roma,2025-05-11,1,35
12,Endocrinologia,Viterbo,2024-09-01,1,36
13,Ginecologia,Roma,2023-12-02,1,28
14,Ortopedia,Roma,2023-01-12,1,37
15,Oculistica,Roma,2025-09-22,1,36
16,Endocrinologia,Latina,2025-09-11,1,32
17,Otorinolaringoiatria,Viterbo,2024-12-28,1,18
18,Dermatologia,Roma,2023-10-29,1,15
19,Otorinolaringoiatria,Rieti,2024-07-06,1,6
20,Gastroenterologia,Roma,2023-12-28,1,47
21,Endocrinologia,Roma,2023-05-30,1,11
22,Oculistica,Roma,2024-12-02,1,15
23,Ginecologia,Roma,2023-01-20,1,43
24,Medicina Generale,Latina,2024-07-24,1,9
25,Pediatria,Roma,2024-06-15,1,39
26,Gastroenterologia,Latina,2023-07-09,1,44
27,Ginecologia,Roma,2023-12-06,1,7
28,Ortopedia,Latina,2025-12-03,1,48
29,Pediatria,Roma,2023-12-30,1,44
30,Oculistica,Roma,2025-02-19,1,28
31,Neurologia,Roma,2024-04-04,1,15
32,Gastroenterologia,Roma,2024-10-27,1,3
33,Ginecologia,Roma,2023-04-11,1,33
34,Otorinolaringoiatria,Latina,2023-04-18,1,6
35,Otorinolaringoiatria,Viterbo,2023-02-01,1,34
36,Otorinolaringoiatria,Roma,2025-05-04,1,15
37,Dermatologia,Viterbo,2025-12-22,1,1
38,Otorinolaringoiatria,Frosinone,2025-03-10,1,31
39,Otorinolaringoiatria,Roma,2025-12-01,1,32
40,Endocrinologia,Frosinone,2024-02-17,1,36
41,Oculistica,Roma,2023-06-22,1,27
42,Pediatria,Latina,2024-10-20,1,6
43,Oculistica,Viterbo,2025-02-21,1,9
44,Dermatologia,Roma,2025-09-20,1,41
45,Pediatria,Viterbo,2023-12-29,1,47
46,Psicologia,Roma,2024-10-03,1,15
47,Pediatria,Frosinone,2025-01-17,1,16
48,Gastroenterologia,Roma,2024-03-26,1,16
49,Cardiologia,Roma,2024-03-19,1,48
50,Gastroenterologia,Roma,2024-10-14,1,20
51,Cardiologia,Roma,2023-03-07,1,28
52,Dermatologia,Roma,2024-01-15,1,5
53,Gastroenterologia,Roma,2023-04-30,1,27
54,Ortopedia,Roma,2023-07-24,1,48
55,Otorinolaringoiatria,Latina,2025-03-12,1,4
56,Psicologia,Roma,2025-09-19,1,26
57,Neurologia,Roma,2024-12-31,1,14
58,Ortopedia,Roma,2023-11-30,1,50
59,Ortopedia,Roma,2023-03-15,1,21
60,Gastroenterologia,Latina,2023-03-15,1,11
61,Oculistica,Roma,2023-02-11,1,45
62,Otorinolaringoiatria,Roma,2024-09-20,1,24
63,Endocrinologia,Frosinone,2023-11-19,1,29
64,Cardiologia,Viterbo,2023-12-14,1,34
65,Psicologia,Roma,2025-06-09,1,45
66,Oculistica,Roma,2025-12-22,1,41
67,Ginecologia,Latina,2025-08-20,1,19
68,Ginecologia,Viterbo,2025-12-07,1,32
69,Pediatria,Roma,2023-12-22,1,45
70,Pediatria,Roma,2024-09-15,1,9
71,Neurologia,Roma,2024-03-10,1,34
72,Otorinolaringoiatria,Roma,2025-05-27,1,10
73,Neurologia,Frosinone,2023-03-28,1,21
74,Psicologia,Frosinone,2024-05-02,1,16
75,Neurologia,Roma,2024-03-24,1,13
76,Otorinolaringoiatria,Rieti,2024-12-03,1,31
77,Ginecologia,Latina,2024-09-12,1,49
78,Neurologia,Roma,2023-12-19,1,27
79,Ginecologia,Rieti,2023-01-27,1,12
80,Oculistica,Roma,2023-07-03,1,43
81,Psicologia,Roma,2025-06-03,1,4
82,Oculistica,Roma,2025-09-07,1,30
83,Cardiologia,Roma,2025-04-25,1,24
84,Psicologia,Roma,2025-03-21,1,15
85,Otorinolaringoiatria,Roma,2025-10-12,1,15
86,Psicologia,Roma,2024-03-12,1,46
87,Psicologia,Roma,2024-11-08,1,9
88,Dermatologia,Rieti,2023-04-15,1,13
89,Cardiologia,Viterbo,2024-01-04,1,11
90,Medicina Generale,Roma,2024-03-03,1,46
91,Cardiologia,Roma,2024-06-11,1,50
92,Gastroenterologia,Roma,2024-01-17,1,28
93,Cardiologia,Roma,2025-11-02,1,4
94,Cardiologia,Roma,2023-01-13,1,9
95,Psicologia,Rieti,2023-10-12,1,34
96,Ginecologia,Roma,2023-05-04,1,9
97,Cardiologia,Roma,2023-03-29,1,35
98,Endocrinologia,Roma,2025-08-27,1,17
99,Pediatria,Viterbo,2025-04-30,1,26
100,Ginecologia,Roma,2025-02-18,1,18
101,Cardiologia,Roma,2025-12-13,1,45
102,Ginecologia,Viterbo,2023-05-10,1,30
103,Otorinolaringoiatria,Rieti,2023-08-06,1,16
104,Gastroenterologia,Roma,2023-01-06,1,13
105,Psicologia,Roma,2025-03-25,1,26
106,Pediatria,Roma,2024-05-04,1,11
107,Psicologia,Roma,2025-05-15,1,35
108,Psicologia,Roma,2023-07-04,1,34
109,Cardiologia,Roma,2024-10-13,1,43
110,Ginecologia,Roma,2024-08-27,1,21
111,Medicina Generale,Roma,2024-02-02,1,13
112,Endocrinologia,Frosinone,2023-11-29,1,2
113,Psicologia,Latina,2024-12-09,1,41
114,Oculistica,Rieti,2024-03-24,1,4
115,Oculistica,Latina,2024-06-22,1,8
116,Cardiologia,Viterbo,2024-12-11,1,11
117,Cardiologia,Roma,2023-05-26,1,10
118,Gastroenterologia,Latina,2025-08-26,1,17
119,Ortopedia,Latina,2024-02-04,1,41
120,Otorinolaringoiatria,Roma,2025-06-01,1,48
121,Oculistica,Roma,2024-09-10,1,10
122,Ortopedia,Rieti,2024-08-26,1,11
123,Pediatria,Roma,2025-03-16,1,6
124,Pediatria,Roma,2025-06-20,1,5
125,Psicologia,Latina,2023-06-04,1,29
126,Otorinolaringoiatria,Roma,2023-07-25,1,45
127,Pediatria,Roma,2024-02-24,1,3
128,Pediatria,Roma,2025-02-14,1,31
129,Endocrinologia,Viterbo,2023-12-03,1,25
130,Dermatologia,Roma,2023-04-29,1,12
131,Endocrinologia,Roma,2024-07-29,1,15
132,Ortopedia,Roma,2024-01-20,1,47
133,Gastroenterologia,Latina,2024-05-21,1,2
134,Cardiologia,Roma,2025-10-22,1,13
135,Gastroenterologia,Roma,2025-05-03,1,50
136,Oculistica,Roma,2025-05-29,1,3
137,Pediatria,Latina,2024-07-13,1,23
138,Dermatologia,Roma,2025-09-28,1,45
139,Medicina Generale,Roma,2024-12-13,1,37
140,Psicologia,Latina,2023-01-21,1,21
141,Cardiologia,Roma,2025-04-09,1,9
142,Neurologia,Roma,2024-08-01,1,49
143,Pediatria,Roma,2024-02-02,1,23
144,Otorinolaringoiatria,Viterbo,2023-04-30,1,3
145,Ortopedia,Roma,2023-03-02,1,47
146,Ortopedia,Roma,2024-04-04,1,26
147,Medicina Generale,Roma,2023-04-03,1,42
148,Cardiologia,Roma,2025-09-12,1,4
149,Gastroenterologia,Latina,2023-11-13,1,9
150,Oculistica,Roma,2024-09-04,1,46
151,Cardiologia,Roma,2025-09-19,1,35
152,Medicina Generale,Frosinone,2025-09-07,1,19
153,Pediatria,Latina,2023-09-26,1,24
154,Endocrinologia,Latina,2024-03-08,1,49
155,Pediatria,Latina,2024-04-10,1,38
156,Pediatria,Roma,2023-06-23,1,25
157,Otorinolaringoiatria,Frosinone,2024-12-05,1,23
158,Dermatologia,Roma,2025-11-04,1,6
159,Dermatologia,Roma,2023-02-22,1,17
160,Medicina Generale,Roma,2023-11-25,1,13
161,Ortopedia,Rieti,2025-01-17,1,11
162,Otorinolaringoiatria,Roma,2024-04-09,1,12
163,Neurologia,Roma,2025-07-30,1,27
164,Dermatologia,Roma,2025-09-27,1,11
165,Psicologia,Roma,2024-12-09,1,21
166,Neurologia,Latina,2023-05-07,1,38
167,Oculistica,Roma,2025-02-01,1,41
168,Dermatologia,Roma,2023-07-09,1,15
169,Ortopedia,Roma,2025-02-13,1,15
170,Neurologia,Roma,2024-05-16,1,9
171,Otorinolaringoiatria,Viterbo,2025-05-30,1,22
172,Dermatologia,Rieti,2024-12-13,1,14
173,Psicologia,Roma,2025-10-29,1,49
174,Otorinolaringoiatria,Roma,2025-06-22,1,19
175,Psicologia,Rieti,2024-06-26,1,44
176,Ginecologia,Roma,2023-12-30,1,17
177,Ginecologia,Roma,2023-06-20,1,15
178,Ginecologia,Roma,2024-08-05,1,3
179,Endocrinologia,Frosinone,2025-07-12,1,1
180,Medicina Generale,Roma,2024-11-25,1,25
181,Oculistica,Roma,2023-10-28,1,8
182,Oculistica,Roma,2025-09-15,1,48
183,Ortopedia,Frosinone,2025-06-08,1,36
184,Psicologia,Roma,2025-02-25,1,16
185,Ortopedia,Roma,2024-04-02,1,45
186,Pediatria,Roma,2023-02-11,1,42
187,Cardiologia,Latina,2023-08-18,1,39
188,Gastroenterologia,Roma,2024-11-17,1,14
189,Neurologia,Roma,2025-06-14,1,4
190,Oculistica,Roma,2024-01-06,1,40
191,Ortopedia,Frosinone,2025-11-03,1,38
192,Psicologia,Roma,2023-10-01,1,21
193,Gastroenterologia,Latina,2024-09-04,1,36
194,Dermatologia,Roma,2023-11-24,1,1
195,Neurologia,Roma,2024-03-26,1,12
196,Ortopedia,Roma,2025-09-02,1,23
197,Dermatologia,Frosinone,2025-07-04,1,38
198,Oculistica,Roma,2023-11-06,1,22
199,Psicologia,Roma,2024-05-20,1,12
200,Ginecologia,Rieti,2025-10-15,1,41
201,Ginecologia,Roma,2024-12-17,1,39
202,Cardiologia,Rieti,2025-11-05,1,50
203,Otorinolaringoiatria,Viterbo,2024-10-10,1,31
204,Cardiologia,Roma,2024-06-05,1,6
205,Neurologia,Latina,2025-05-04,1,34
206,Dermatologia,Roma,2025-12-02,1,47
207,Cardiologia,Roma,2025-01-29,1,17
208,Dermatologia,Frosinone,2023-06-17,1,14
209,Ortopedia,Viterbo,2025-05-25,1,44
210,Pediatria,Rieti,2025-09-22,1,7
211,Ortopedia,Roma,2024-11-19,1,37
212,Dermatologia,Roma,2024-06-07,1,23
213,Medicina Generale,Roma,2024-10-17,1,15
214,Dermatologia,Frosinone,2023-02-01,1,28
215,Dermatologia,Latina,2025-02-16,1,34
216,Cardiologia,Roma,2024-07-31,1,32
217,Otorinolaringoiatria,Viterbo,2024-10-16,1,43
218,Medicina Generale,Roma,2023-03-17,1,30
219,Otorinolaringoiatria,Roma,2024-12-18,1,12
220,Cardiologia,Roma,2024-07-30,1,50
221,Otorinolaringoiatria,Roma,2025-04-21,1,17
222,Cardiologia,Rieti,2023-07-11,1,2
223,Psicologia,Latina,2023-03-31,1,37
224,Ortopedia,Viterbo,2024-11-14,1,21
225,Pediatria,Roma,2024-04-06,1,1
226,Dermatologia,Roma,2023-01-21,1,33
227,Gastroenterologia,Roma,2024-08-20,1,18
228,Oculistica,Roma,2023-07-01,1,15
229,Endocrinologia,Roma,2024-08-28,1,42
230,Otorinolaringoiatria,Roma,2023-04-09,1,44
231,Otorinolaringoiatria,Roma,2024-11-17,1,21
232,Psicologia,Roma,2025-01-18,1,5
233,Oculistica,Roma,2023-01-20,1,36
234,Medicina Generale,Roma,2023-01-21,1,42
235,Neurologia,Roma,2023-07-27,1,28
236,Ginecologia,Latina,2025-05-15,1,46
237,Otorinolaringoiatria,Roma,2023-02-13,1,24
238,Oculistica,Roma,2025-10-19,1,3
239,Oculistica,Roma,2024-12-16,1,22
240,Ginecologia,Viterbo,2023-08-31,1,12
241,Otorinolaringoiatria,Roma,2025-01-26,1,27
242,Neurologia,Latina,2025-09-25,1,14
243,Oculistica,Roma,2023-12-14,1,32
244,Gastroenterologia,Latina,2025-03-27,1,4
245,Oculistica,Roma,2024-01-23,1,8
246,Psicologia,Roma,2023-09-24,1,34
247,Otorinolaringoiatria,Roma,2023-11-09,1,17
248,Gastroenterologia,Roma,2023-10-11,1,6
249,Pediatria,Roma,2024-09-30,1,40
250,Gastroenterologia,Roma,2024-12-30,1,8
251,Medicina Generale,Frosinone,2024-06-24,1,10
252,Ginecologia,Roma,2024-03-16,1,1
253,Ortopedia,Roma,2023-12-25,1,16
254,Ginecologia,Latina,2025-12-09,1,43
255,Psicologia,Roma,2023-08-04,1,1
256,Medicina Generale,Frosinone,2023-02-15,1,25
257,Psicologia,Frosinone,2024-10-15,1,38
258,Gastroenterologia,Roma,2025-07-22,1,2
259,Pediatria,Latina,2025-12-01,1,37
260,Otorinolaringoiatria,Roma,2025-01-04,1,45
261,Pediatria,Frosinone,2025-06-08,1,21
262,Oculistica,Latina,2025-10-16,1,6
263,Cardiologia,Frosinone,2024-05-28,1,30
264,Medicina Generale,Roma,2024-02-02,1,25
265,Ortopedia,Roma,2025-03-10,1,42
266,Gastroenterologia,Roma,2025-07-29,1,19
267,Medicina Generale,Roma,2025-12-10,1,21
268,Psicologia,Latina,2025-07-20,1,16
269,Ortopedia,Roma,2024-09-30,1,27
270,Medicina Generale,Frosinone,2024-10-07,1,49
271,Dermatologia,Viterbo,2025-12-23,1,33
272,Medicina Generale,Roma,2023-08-27,1,10
273,Dermatologia,Roma,2023-08-10,1,25
274,Neurologia,Roma,2023-07-08,1,9
275,Neurologia,Roma,2024-12-21,1,18
276,Ginecologia,Roma,2025-10-20,1,44
277,Ortopedia,Viterbo,2023-08-06,1,49
278,Otorinolaringoiatria,Latina,2025-05-20,1,50
279,Psicologia,Roma,2025-01-18,1,9
280,Neurologia,Roma,2025-12-30,1,7
281,Medicina Generale,Latina,2024-09-04,1,41
282,Oculistica,Rieti,2025-01-27,1,9
283,Gastroenterologia,Latina,2023-01-05,1,7
284,Psicologia,Roma,2023-03-14,1,34
285,Medicina Generale,Roma,2023-05-22,1,45
286,Pediatria,Roma,2025-07-20,1,26
287,Oculistica,Roma,2025-02-16,1,43
288,Pediatria,Roma,2024-12-10,1,24
289,Medicina Generale,Roma,2024-05-30,1,38
290,Ginecologia,Roma,2025-01-14,1,32
291,Neurologia,Roma,2023-06-09,1,40
292,Ortopedia,Roma,2024-03-03,1,14
293,Otorinolaringoiatria,Roma,2024-05-29,1,2
294,Otorinolaringoiatria,Roma,2024-05-21,1,49
295,Endocrinologia,Roma,2024-10-29,1,27
296,Pediatria,Rieti,2024-05-11,1,47
297,Dermatologia,Roma,2023-09-17,1,30
298,Psicologia,Roma,2023-08-18,1,8
299,Psicologia,Roma,2023-11-03,1,16
300,Ginecologia,Roma,2024-02-21,1,32
301,Gastroenterologia,Frosinone,2023-05-03,1,40
302,Endocrinologia,Roma,2024-09-11,1,43
303,Medicina Generale,Latina,2025-10-16,1,38
304,Endocrinologia,Rieti,2024-05-24,1,12
305,Medicina Generale,Viterbo,2023-05-06,1,43
306,Dermatologia,Roma,2023-04-15,1,27
307,Ortopedia,Roma,2025-04-26,1,37
308,Dermatologia,Frosinone,2024-04-14,1,44
309,Ortopedia,Roma,2024-01-13,1,31
310,Medicina Generale,Roma,2025-04-09,1,48
311,Dermatologia,Latina,2023-03-20,1,12
312,Otorinolaringoiatria,Roma,2023-12-03,1,26
313,Ortopedia,Roma,2024-11-26,1,17
314,Ginecologia,Roma,2023-10-12,1,1
315,Medicina Generale,Roma,2024-03-17,1,30
316,Neurologia,Roma,2025-11-23,1,18
317,Cardiologia,Roma,2025-07-27,1,24
318,Endocrinologia,Latina,2023-01-20,1,50
319,Gastroenterologia,Roma,2025-10-12,1,23
320,Endocrinologia,Rieti,2024-01-08,1,19
321,Otorinolaringoiatria,Viterbo,2024-01-21,1,21
322,Pediatria,Roma,2023-04-01,1,43
323,Oculistica,Roma,2025-07-01,1,3
324,Medicina Generale,Roma,2024-04-17,1,27
325,Medicina Generale,Latina,2023-09-29,1,37
326,Neurologia,Roma,2025-03-30,1,12
327,Endocrinologia,Roma,2025-05-22,1,24
328,Medicina Generale,Roma,2023-11-19,1,24
329,Endocrinologia,Roma,2024-04-09,1,12
330,Medicina Generale,Roma,2023-01-08,1,13
331,Ortopedia,Roma,2024-10-24,1,24
332,Endocrinologia,Frosinone,2025-04-22,1,21
333,Dermatologia,Rieti,2024-10-24,1,21
334,Ginecologia,Latina,2023-03-20,1,5
335,Cardiologia,Roma,2023-02-16,1,42
336,Ortopedia,Roma,2024-01-07,1,28
337,Medicina Generale,Roma,2024-03-04,1,25
338,Ginecologia,Latina,2025-03-23,1,36
339,Medicina Generale,Roma,2023-04-20,1,31
340,Psicologia,Roma,2024-05-03,1,14
341,Otorinolaringoiatria,Roma,2024-08-01,1,48
342,Neurologia,Viterbo,2024-09-22,1,28
343,Otorinolaringoiatria,Roma,2024-02-25,1,39
344,Neurologia,Roma,2023-05-28,1,6
345,Ginecologia,Roma,2025-06-26,1,44
346,Otorinolaringoiatria,Roma,2024-01-08,1,2
347,Cardiologia,Roma,2024-07-24,1,45
348,Otorinolaringoiatria,Roma,2024-11-24,1,44
349,Endocrinologia,Roma,2025-09-27,1,43
350,Cardiologia,Rieti,2023-07-15,1,41
351,Oculistica,Roma,2023-09-30,1,29
352,Psicologia,Roma,2025-02-22,1,46
353,Oculistica,Roma,2023-05-07,1,9
354,Neurologia,Roma,2024-11-17,1,50
355,Psicologia,Rieti,2025-03-02,1,2
356,Otorinolaringoiatria,Roma,2024-04-03,1,40
357,Ginecologia,Latina,2025-08-16,1,5
358,Ginecologia,Roma,2023-12-02,1,47
359,Pediatria,Roma,2023-05-01,1,47
360,Psicologia,Roma,2025-09-19,1,30
361,Cardiologia,Roma,2023-01-29,1,37
362,Neurologia,Rieti,2023-09-14,1,49
363,Gastroenterologia,Roma,2024-05-10,1,21
364,Ortopedia,Latina,2025-11-20,1,50
365,Pediatria,Roma,2023-01-30,1,26
366,Ginecologia,Roma,2024-05-27,1,46
367,Neurologia,Roma,2025-12-05,1,14
368,Psicologia,Roma,2024-01-12,1,31
369,Ortopedia,Latina,2025-04-20,1,36
370,Oculistica,Frosinone,2025-04-01,1,33
371,Otorinolaringoiatria,Roma,2024-05-27,1,16
372,Ginecologia,Roma,2025-01-04,1,9
373,Dermatologia,Roma,2023-11-17,1,22
374,Neurologia,Roma,2025-07-31,1,2
375,Ginecologia,Roma,2025-08-03,1,7
376,Oculistica,Roma,2024-05-20,1,37
377,Dermatologia,Roma,2025-04-13,1,24
378,Psicologia,Frosinone,2025-09-17,1,17
379,Neurologia,Roma,2025-04-02,1,44
380,Ortopedia,Roma,2023-01-20,1,7
381,Medicina Generale,Roma,2024-12-02,1,37
382,Neurologia,Roma,2025-03-28,1,21
383,Oculistica,Roma,2025-09-16,1,1
384,Dermatologia,Frosinone,2023-06-08,1,41
385,Oculistica,Frosinone,2025-02-07,1,15
386,Ortopedia,Frosinone,2023-01-08,1,25
387,Endocrinologia,Roma,2024-01-15,1,22
388,Neurologia,Roma,2025-02-21,1,27
389,Ortopedia,Roma,2024-07-12,1,17
390,Medicina Generale,Roma,2024-09-15,1,4
391,Cardiologia,Roma,2025-01-29,1,37
392,Cardiologia,Viterbo,2025-02-10,1,1
393,Gastroenterologia,Roma,2023-12-17,1,32
394,Ortopedia,Latina,2025-04-24,1,40
395,Ginecologia,Roma,2023-07-27,1,7
396,Pediatria,Roma,2023-10-10,1,46
397,Gastroenterologia,Roma,2024-02-22,1,24
398,Cardiologia,Roma,2024-08-27,1,15
399,Ginecologia,Roma,2024-08-02,1,29
400,Ortopedia,Roma,2025-09-01,1,32
